{
  "lang":"en",
  "name":"pipeline",
  "version":"0.0.0",
  "spacy_version":">=3.6.0,<3.7.0",
  "description":"",
  "author":"",
  "email":"",
  "url":"",
  "license":"",
  "spacy_git_version":"6fc153a26",
  "vectors":{
    "width":0,
    "vectors":0,
    "keys":0,
    "name":null,
    "mode":"default"
  },
  "labels":{
    "tok2vec":[

    ],
    "ner":[
      "B-DES",
      "B-EMAIL",
      "B-NAME",
      "B-ORG",
      "B-PHOE",
      "B-PHONE",
      "B-WEB",
      "DES",
      "EMAIL",
      "I-DE",
      "I-DES",
      "I-EMAIL",
      "I-NAME",
      "I-OR",
      "I-ORG",
      "I-PHONE",
      "I-WEB",
      "NAME",
      "ORG",
      "PHONE",
      "WEB"
    ]
  },
  "pipeline":[
    "tok2vec",
    "ner"
  ],
  "components":[
    "tok2vec",
    "ner"
  ],
  "disabled":[

  ],
  "performance":{
    "ents_f":0.9560853199,
    "ents_p":0.964556962,
    "ents_r":0.947761194,
    "ents_per_type":{
      "B-NAME":{
        "p":0.9763033175,
        "r":0.9581395349,
        "f":0.9671361502
      },
      "I-NAME":{
        "p":0.9710610932,
        "r":0.96485623,
        "f":0.9679487179
      },
      "B-DES":{
        "p":0.9695121951,
        "r":0.9408284024,
        "f":0.954954955
      },
      "I-DES":{
        "p":0.9835164835,
        "r":0.9132653061,
        "f":0.9470899471
      },
      "B-PHONE":{
        "p":0.9838709677,
        "r":0.9656992084,
        "f":0.9747003995
      },
      "I-PHONE":{
        "p":0.9675516224,
        "r":0.9562682216,
        "f":0.9618768328
      },
      "B-ORG":{
        "p":0.9471365639,
        "r":0.9188034188,
        "f":0.9327548807
      },
      "I-ORG":{
        "p":0.9471698113,
        "r":0.9418386492,
        "f":0.9444967074
      },
      "B-PHOE":{
        "p":0.5,
        "r":1.0,
        "f":0.6666666667
      },
      "B-EMAIL":{
        "p":0.956097561,
        "r":0.9702970297,
        "f":0.9631449631
      },
      "B-WEB":{
        "p":0.9618320611,
        "r":0.9692307692,
        "f":0.9655172414
      },
      "PHONE":{
        "p":0.8888888889,
        "r":1.0,
        "f":0.9411764706
      },
      "ORG":{
        "p":0.8888888889,
        "r":0.6666666667,
        "f":0.7619047619
      },
      "EMAIL":{
        "p":1.0,
        "r":1.0,
        "f":1.0
      },
      "I-WEB":{
        "p":1.0,
        "r":0.6923076923,
        "f":0.8181818182
      },
      "I-EMAIL":{
        "p":0.9803921569,
        "r":0.9433962264,
        "f":0.9615384615
      },
      "I-OR":{
        "p":1.0,
        "r":1.0,
        "f":1.0
      },
      "DES":{
        "p":1.0,
        "r":1.0,
        "f":1.0
      },
      "WEB":{
        "p":1.0,
        "r":1.0,
        "f":1.0
      },
      "I-DE":{
        "p":0.5,
        "r":0.5,
        "f":0.5
      },
      "NAME":{
        "p":1.0,
        "r":1.0,
        "f":1.0
      }
    },
    "tok2vec_loss":558.443638725,
    "ner_loss":496.2442411958
  }
}