{
  "lang":"en",
  "name":"pipeline",
  "version":"0.0.0",
  "spacy_version":">=3.6.0,<3.7.0",
  "description":"",
  "author":"",
  "email":"",
  "url":"",
  "license":"",
  "spacy_git_version":"6fc153a26",
  "vectors":{
    "width":0,
    "vectors":0,
    "keys":0,
    "name":null,
    "mode":"default"
  },
  "labels":{
    "tok2vec":[

    ],
    "ner":[
      "B-DES",
      "B-EMAIL",
      "B-NAME",
      "B-ORG",
      "B-PHOE",
      "B-PHONE",
      "B-WEB",
      "DES",
      "EMAIL",
      "I-DE",
      "I-DES",
      "I-EMAIL",
      "I-NAME",
      "I-OR",
      "I-ORG",
      "I-PHONE",
      "I-WEB",
      "NAME",
      "ORG",
      "PHONE",
      "WEB"
    ]
  },
  "pipeline":[
    "tok2vec",
    "ner"
  ],
  "components":[
    "tok2vec",
    "ner"
  ],
  "disabled":[

  ],
  "performance":{
    "ents_f":0.9526870202,
    "ents_p":0.9573017582,
    "ents_r":0.9481165601,
    "ents_per_type":{
      "B-NAME":{
        "p":0.9626168224,
        "r":0.9581395349,
        "f":0.9603729604
      },
      "I-NAME":{
        "p":0.9867109635,
        "r":0.9488817891,
        "f":0.9674267101
      },
      "B-DES":{
        "p":0.9636363636,
        "r":0.9408284024,
        "f":0.9520958084
      },
      "I-DES":{
        "p":0.9303482587,
        "r":0.9540816327,
        "f":0.9420654912
      },
      "B-PHONE":{
        "p":0.9705882353,
        "r":0.9577836412,
        "f":0.9641434263
      },
      "I-PHONE":{
        "p":0.9617647059,
        "r":0.9533527697,
        "f":0.9575402635
      },
      "B-ORG":{
        "p":0.9270386266,
        "r":0.9230769231,
        "f":0.9250535332
      },
      "I-ORG":{
        "p":0.9401869159,
        "r":0.9437148218,
        "f":0.9419475655
      },
      "B-PHOE":{
        "p":0.5,
        "r":1.0,
        "f":0.6666666667
      },
      "B-EMAIL":{
        "p":0.9607843137,
        "r":0.9702970297,
        "f":0.9655172414
      },
      "B-WEB":{
        "p":0.976744186,
        "r":0.9692307692,
        "f":0.972972973
      },
      "PHONE":{
        "p":1.0,
        "r":1.0,
        "f":1.0
      },
      "ORG":{
        "p":0.8,
        "r":0.6666666667,
        "f":0.7272727273
      },
      "EMAIL":{
        "p":1.0,
        "r":1.0,
        "f":1.0
      },
      "I-WEB":{
        "p":1.0,
        "r":0.6923076923,
        "f":0.8181818182
      },
      "I-EMAIL":{
        "p":1.0,
        "r":0.9433962264,
        "f":0.9708737864
      },
      "I-OR":{
        "p":1.0,
        "r":1.0,
        "f":1.0
      },
      "DES":{
        "p":1.0,
        "r":1.0,
        "f":1.0
      },
      "WEB":{
        "p":1.0,
        "r":1.0,
        "f":1.0
      },
      "I-DE":{
        "p":1.0,
        "r":0.5,
        "f":0.6666666667
      },
      "NAME":{
        "p":1.0,
        "r":1.0,
        "f":1.0
      }
    },
    "tok2vec_loss":461.208259421,
    "ner_loss":517.6590496875
  }
}